module,problem,config_name,result_file,status,objective_value,solution_Z,runtime_pipeline,runtime_total,changed_count,changed_param_path,changed_param,base_value,param_value,config_file
bias,micp1,bias_elite_reward_step_0.05,output\param_comp\bias\bias_elite_reward_step_0.05__problem_micp_1.json,feasible,5757.816667,5757.816667,135.32092595100403,135.32092595100403,0,,,,,D:\codes\Python\CIC\config\bias\bias_elite_reward_step_0.05.json
bias,micp1,bias_pair_penalty_step_0.15,output\param_comp\bias\bias_pair_penalty_step_0.15__problem_micp_1.json,feasible,5757.816667,5757.816667,170.8260521888733,170.8260521888733,0,,,,,D:\codes\Python\CIC\config\bias\bias_pair_penalty_step_0.15.json
bias,micp1,bias_penalty_step_0.2,output\param_comp\bias\bias_penalty_step_0.2__problem_micp_1.json,feasible,5757.816667,5757.816667,127.48894762992859,127.48894762992859,0,,,,,D:\codes\Python\CIC\config\bias\bias_penalty_step_0.2.json
bias,micp1,bias_reward_step_0.1,output\param_comp\bias\bias_reward_step_0.1__problem_micp_1.json,feasible,5757.816667,5757.816667,125.30262660980225,125.30262660980225,0,,,,,D:\codes\Python\CIC\config\bias\bias_reward_step_0.1.json
bias,micp1,bias_elite_reward_step_0.02,output\param_comp\bias\bias_elite_reward_step_0.02__problem_micp_1.json,feasible,5757.816667,5757.816667,165.32875323295593,165.32875323295593,1,iterative_config.bias_update_config.elite_reward_step,elite_reward_step,0.05,0.02,D:\codes\Python\CIC\config\bias\bias_elite_reward_step_0.02.json
bias,micp1,bias_elite_reward_step_0.1,output\param_comp\bias\bias_elite_reward_step_0.1__problem_micp_1.json,feasible,5757.816667,5757.816667,174.10489583015442,174.10489583015442,1,iterative_config.bias_update_config.elite_reward_step,elite_reward_step,0.05,0.1,D:\codes\Python\CIC\config\bias\bias_elite_reward_step_0.1.json
bias,micp1,bias_pair_penalty_step_0.1,output\param_comp\bias\bias_pair_penalty_step_0.1__problem_micp_1.json,feasible,5757.816667,5757.816667,178.02469635009766,178.02469635009766,1,iterative_config.bias_update_config.pair_penalty_step,pair_penalty_step,0.15,0.1,D:\codes\Python\CIC\config\bias\bias_pair_penalty_step_0.1.json
bias,micp1,bias_pair_penalty_step_0.3,output\param_comp\bias\bias_pair_penalty_step_0.3__problem_micp_1.json,feasible,5757.816667,5757.816667,127.29815793037415,127.29815793037415,1,iterative_config.bias_update_config.pair_penalty_step,pair_penalty_step,0.15,0.3,D:\codes\Python\CIC\config\bias\bias_pair_penalty_step_0.3.json
bias,micp1,bias_penalty_step_0.1,output\param_comp\bias\bias_penalty_step_0.1__problem_micp_1.json,feasible,5757.816667,5757.816667,125.78882646560669,125.78882646560669,1,iterative_config.bias_update_config.penalty_step,penalty_step,0.2,0.1,D:\codes\Python\CIC\config\bias\bias_penalty_step_0.1.json
bias,micp1,bias_penalty_step_0.3,output\param_comp\bias\bias_penalty_step_0.3__problem_micp_1.json,feasible,5757.816667,5757.816667,127.44328832626343,127.44328832626343,1,iterative_config.bias_update_config.penalty_step,penalty_step,0.2,0.3,D:\codes\Python\CIC\config\bias\bias_penalty_step_0.3.json
bias,micp1,bias_reward_step_0.05,output\param_comp\bias\bias_reward_step_0.05__problem_micp_1.json,feasible,5757.816667,5757.816667,126.12160229682922,126.12160229682922,1,iterative_config.bias_update_config.reward_step,reward_step,0.1,0.05,D:\codes\Python\CIC\config\bias\bias_reward_step_0.05.json
bias,micp1,bias_reward_step_0.2,output\param_comp\bias\bias_reward_step_0.2__problem_micp_1.json,feasible,5757.816667,5757.816667,130.58082151412964,130.58082151412964,1,iterative_config.bias_update_config.reward_step,reward_step,0.1,0.2,D:\codes\Python\CIC\config\bias\bias_reward_step_0.2.json
candidate,micp1,candidate_far_bonus_0.02,output\param_comp\candidate\candidate_far_bonus_0.02__problem_micp_1.json,feasible,5757.816667,5757.816667,174.72935104370117,174.72935104370117,0,,,,,D:\codes\Python\CIC\config\candidate\candidate_far_bonus_0.02.json
candidate,micp1,candidate_min_far_candidates_2,output\param_comp\candidate\candidate_min_far_candidates_2__problem_micp_1.json,feasible,5757.816667,5757.816667,127.28941655158997,127.28941655158997,0,,,,,D:\codes\Python\CIC\config\candidate\candidate_min_far_candidates_2.json
candidate,micp1,candidate_min_hamming_distance_2,output\param_comp\candidate\candidate_min_hamming_distance_2__problem_micp_1.json,feasible,5757.816667,5757.816667,125.0075843334198,125.0075843334198,0,,,,,D:\codes\Python\CIC\config\candidate\candidate_min_hamming_distance_2.json
candidate,micp1,candidate_objective_bonus_0.05,output\param_comp\candidate\candidate_objective_bonus_0.05__problem_micp_1.json,feasible,5757.816667,5757.816667,133.3857080936432,133.3857080936432,0,,,,,D:\codes\Python\CIC\config\candidate\candidate_objective_bonus_0.05.json
candidate,micp1,candidate_top_k_8,output\param_comp\candidate\candidate_top_k_8__problem_micp_1.json,feasible,5757.816667,5757.816667,177.85035061836243,177.85035061836243,0,,,,,D:\codes\Python\CIC\config\candidate\candidate_top_k_8.json
candidate,micp1,candidate_far_bonus_0.0,output\param_comp\candidate\candidate_far_bonus_0.0__problem_micp_1.json,feasible,5757.816667,5757.816667,157.80167508125305,157.80167508125305,1,iterative_config.candidate_config.far_bonus,far_bonus,0.02,0,D:\codes\Python\CIC\config\candidate\candidate_far_bonus_0.0.json
candidate,micp1,candidate_far_bonus_0.05,output\param_comp\candidate\candidate_far_bonus_0.05__problem_micp_1.json,feasible,5757.816667,5757.816667,168.3585560321808,168.3585560321808,1,iterative_config.candidate_config.far_bonus,far_bonus,0.02,0.05,D:\codes\Python\CIC\config\candidate\candidate_far_bonus_0.05.json
candidate,micp1,candidate_min_far_candidates_1,output\param_comp\candidate\candidate_min_far_candidates_1__problem_micp_1.json,feasible,5757.816667,5757.816667,127.85479879379272,127.85479879379272,1,iterative_config.candidate_config.min_far_candidates,min_far_candidates,2,1,D:\codes\Python\CIC\config\candidate\candidate_min_far_candidates_1.json
candidate,micp1,candidate_min_far_candidates_4,output\param_comp\candidate\candidate_min_far_candidates_4__problem_micp_1.json,feasible,5757.816667,5757.816667,127.15869140625,127.15869140625,1,iterative_config.candidate_config.min_far_candidates,min_far_candidates,2,4,D:\codes\Python\CIC\config\candidate\candidate_min_far_candidates_4.json
candidate,micp1,candidate_min_hamming_distance_1,output\param_comp\candidate\candidate_min_hamming_distance_1__problem_micp_1.json,feasible,5757.816667,5757.816667,128.51203870773315,128.51203870773315,1,iterative_config.candidate_config.min_hamming_distance,min_hamming_distance,2,1,D:\codes\Python\CIC\config\candidate\candidate_min_hamming_distance_1.json
candidate,micp1,candidate_min_hamming_distance_3,output\param_comp\candidate\candidate_min_hamming_distance_3__problem_micp_1.json,feasible,5757.816667,5757.816667,129.12925148010254,129.12925148010254,1,iterative_config.candidate_config.min_hamming_distance,min_hamming_distance,2,3,D:\codes\Python\CIC\config\candidate\candidate_min_hamming_distance_3.json
candidate,micp1,candidate_objective_bonus_0.01,output\param_comp\candidate\candidate_objective_bonus_0.01__problem_micp_1.json,feasible,5757.816667,5757.816667,134.96623063087463,134.96623063087463,1,iterative_config.candidate_config.objective_bonus,objective_bonus,0.05,0.01,D:\codes\Python\CIC\config\candidate\candidate_objective_bonus_0.01.json
candidate,micp1,candidate_objective_bonus_0.1,output\param_comp\candidate\candidate_objective_bonus_0.1__problem_micp_1.json,feasible,5757.816667,5757.816667,139.06565690040588,139.06565690040588,1,iterative_config.candidate_config.objective_bonus,objective_bonus,0.05,0.1,D:\codes\Python\CIC\config\candidate\candidate_objective_bonus_0.1.json
candidate,micp1,candidate_top_k_12,output\param_comp\candidate\candidate_top_k_12__problem_micp_1.json,feasible,5757.816667,5757.816667,167.3584177494049,167.3584177494049,1,iterative_config.candidate_config.top_k,top_k,8,12,D:\codes\Python\CIC\config\candidate\candidate_top_k_12.json
candidate,micp1,candidate_top_k_4,output\param_comp\candidate\candidate_top_k_4__problem_micp_1.json,feasible,5757.816667,5757.816667,177.87869811058044,177.87869811058044,1,iterative_config.candidate_config.top_k,top_k,8,4,D:\codes\Python\CIC\config\candidate\candidate_top_k_4.json
local,micp1,local_max_iter_20,output\param_comp\local\local_max_iter_20__problem_micp_1.json,feasible,5757.816667,5757.816667,189.623432636261,189.623432636261,0,,,,,D:\codes\Python\CIC\config\local\local_max_iter_20.json
local,micp1,local_max_start_points_3,output\param_comp\local\local_max_start_points_3__problem_micp_1.json,feasible,5757.816667,5757.816667,131.1965982913971,131.1965982913971,0,,,,,D:\codes\Python\CIC\config\local\local_max_start_points_3.json
local,micp1,local_max_iter_10,output\param_comp\local\local_max_iter_10__problem_micp_1.json,feasible,5757.816667,5757.816667,170.4679410457611,170.4679410457611,1,iterative_config.local_refine_config.max_iter,max_iter,20,10,D:\codes\Python\CIC\config\local\local_max_iter_10.json
local,micp1,local_max_iter_50,output\param_comp\local\local_max_iter_50__problem_micp_1.json,feasible,5757.816667,5757.816667,131.62921261787415,131.62921261787415,1,iterative_config.local_refine_config.max_iter,max_iter,20,50,D:\codes\Python\CIC\config\local\local_max_iter_50.json
local,micp1,local_max_start_points_1,output\param_comp\local\local_max_start_points_1__problem_micp_1.json,feasible,5757.816667,5757.816667,131.61120057106018,131.61120057106018,1,iterative_config.local_refine_config.max_start_points,max_start_points,3,1,D:\codes\Python\CIC\config\local\local_max_start_points_1.json
local,micp1,local_max_start_points_5,output\param_comp\local\local_max_start_points_5__problem_micp_1.json,feasible,5757.816667,5757.816667,131.62782883644104,131.62782883644104,1,iterative_config.local_refine_config.max_start_points,max_start_points,3,5,D:\codes\Python\CIC\config\local\local_max_start_points_5.json
qaoa,micp1,"qaoa_beta_values_[0.2,0.5]","output\param_comp\qaoa\qaoa_beta_values_[0.2,0.5]__problem_micp_1.json",feasible,5757.816667,5757.816667,136.6321303844452,136.6321303844452,0,,,,,"D:\codes\Python\CIC\config\qaoa\qaoa_beta_values_[0.2,0.5].json"
qaoa,micp1,"qaoa_gamma_values_[0.2,0.5]","output\param_comp\qaoa\qaoa_gamma_values_[0.2,0.5]__problem_micp_1.json",feasible,5757.816667,5757.816667,182.97388195991516,182.97388195991516,0,,,,,"D:\codes\Python\CIC\config\qaoa\qaoa_gamma_values_[0.2,0.5].json"
qaoa,micp1,qaoa_p_1,output\param_comp\qaoa\qaoa_p_1__problem_micp_1.json,feasible,5757.816667,5757.816667,181.2811300754547,181.2811300754547,0,,,,,D:\codes\Python\CIC\config\qaoa\qaoa_p_1.json
qaoa,micp1,qaoa_shots_128,output\param_comp\qaoa\qaoa_shots_128__problem_micp_1.json,feasible,5757.816667,5757.816667,190.5897250175476,190.5897250175476,0,,,,,D:\codes\Python\CIC\config\qaoa\qaoa_shots_128.json
qaoa,micp1,"qaoa_beta_values_[0.1,0.3]","output\param_comp\qaoa\qaoa_beta_values_[0.1,0.3]__problem_micp_1.json",feasible,5757.816667,5757.816667,131.51123762130737,131.51123762130737,1,quantum_config.qaoa_config.beta_values,beta_values,"[0.2, 0.5]","[0.1, 0.3]","D:\codes\Python\CIC\config\qaoa\qaoa_beta_values_[0.1,0.3].json"
qaoa,micp1,"qaoa_beta_values_[0.5,1.0]","output\param_comp\qaoa\qaoa_beta_values_[0.5,1.0]__problem_micp_1.json",feasible,5757.816667,5757.816667,135.57453966140747,135.57453966140747,1,quantum_config.qaoa_config.beta_values,beta_values,"[0.2, 0.5]","[0.5, 1.0]","D:\codes\Python\CIC\config\qaoa\qaoa_beta_values_[0.5,1.0].json"
qaoa,micp1,"qaoa_gamma_values_[0.1,0.3]","output\param_comp\qaoa\qaoa_gamma_values_[0.1,0.3]__problem_micp_1.json",feasible,5757.816667,5757.816667,138.19215369224548,138.19215369224548,1,quantum_config.qaoa_config.gamma_values,gamma_values,"[0.2, 0.5]","[0.1, 0.3]","D:\codes\Python\CIC\config\qaoa\qaoa_gamma_values_[0.1,0.3].json"
qaoa,micp1,"qaoa_gamma_values_[0.5,1.0]","output\param_comp\qaoa\qaoa_gamma_values_[0.5,1.0]__problem_micp_1.json",feasible,5757.816667,5757.816667,158.62212324142456,158.62212324142456,1,quantum_config.qaoa_config.gamma_values,gamma_values,"[0.2, 0.5]","[0.5, 1.0]","D:\codes\Python\CIC\config\qaoa\qaoa_gamma_values_[0.5,1.0].json"
qaoa,micp1,qaoa_p_2,output\param_comp\qaoa\qaoa_p_2__problem_micp_1.json,feasible,5757.816667,5757.816667,176.91203355789185,176.91203355789185,1,quantum_config.qaoa_config.p,p,1,2,D:\codes\Python\CIC\config\qaoa\qaoa_p_2.json
qaoa,micp1,qaoa_shots_256,output\param_comp\qaoa\qaoa_shots_256__problem_micp_1.json,feasible,5757.816667,5757.816667,178.21635699272156,178.21635699272156,1,quantum_config.qaoa_config.shots,shots,128,256,D:\codes\Python\CIC\config\qaoa\qaoa_shots_256.json
qaoa,micp1,qaoa_shots_64,output\param_comp\qaoa\qaoa_shots_64__problem_micp_1.json,feasible,5757.816667,5757.816667,183.66656589508057,183.66656589508057,1,quantum_config.qaoa_config.shots,shots,128,64,D:\codes\Python\CIC\config\qaoa\qaoa_shots_64.json
qubo,micp1,qubo_elite_weight_0.5,output\param_comp\qubo\qubo_elite_weight_0.5__problem_micp_1.json,feasible,5757.816667,5757.816667,135.09145069122314,135.09145069122314,0,,,,,D:\codes\Python\CIC\config\qubo\qubo_elite_weight_0.5.json
qubo,micp1,qubo_exploration_boost_0.5,output\param_comp\qubo\qubo_exploration_boost_0.5__problem_micp_1.json,feasible,5757.816667,5757.816667,177.0344295501709,177.0344295501709,0,,,,,D:\codes\Python\CIC\config\qubo\qubo_exploration_boost_0.5.json
qubo,micp1,qubo_hamming_penalty_1.5,output\param_comp\qubo\qubo_hamming_penalty_1.5__problem_micp_1.json,feasible,5757.816667,5757.816667,176.22944974899292,176.22944974899292,0,,,,,D:\codes\Python\CIC\config\qubo\qubo_hamming_penalty_1.5.json
qubo,micp1,qubo_resource_penalty_10.0,output\param_comp\qubo\qubo_resource_penalty_10.0__problem_micp_1.json,feasible,5757.816667,5757.816667,178.5918369293213,178.5918369293213,0,,,,,D:\codes\Python\CIC\config\qubo\qubo_resource_penalty_10.0.json
qubo,micp1,qubo_tabu_penalty_5.0,output\param_comp\qubo\qubo_tabu_penalty_5.0__problem_micp_1.json,feasible,5757.816667,5757.816667,195.7302646636963,195.7302646636963,0,,,,,D:\codes\Python\CIC\config\qubo\qubo_tabu_penalty_5.0.json
qubo,micp1,qubo_elite_weight_0.2,output\param_comp\qubo\qubo_elite_weight_0.2__problem_micp_1.json,feasible,5757.816667,5757.816667,129.61856126785278,129.61856126785278,1,quantum_config.qubo_config.elite_weight,elite_weight,0.5,0.2,D:\codes\Python\CIC\config\qubo\qubo_elite_weight_0.2.json
qubo,micp1,qubo_elite_weight_1.0,output\param_comp\qubo\qubo_elite_weight_1.0__problem_micp_1.json,feasible,5757.816667,5757.816667,133.44228196144104,133.44228196144104,1,quantum_config.qubo_config.elite_weight,elite_weight,0.5,1,D:\codes\Python\CIC\config\qubo\qubo_elite_weight_1.0.json
qubo,micp1,qubo_exploration_boost_0.2,output\param_comp\qubo\qubo_exploration_boost_0.2__problem_micp_1.json,feasible,5757.816667,5757.816667,139.25609517097473,139.25609517097473,1,quantum_config.qubo_config.exploration_boost,exploration_boost,0.5,0.2,D:\codes\Python\CIC\config\qubo\qubo_exploration_boost_0.2.json
qubo,micp1,qubo_exploration_boost_1.0,output\param_comp\qubo\qubo_exploration_boost_1.0__problem_micp_1.json,feasible,5757.816667,5757.816667,127.51064610481262,127.51064610481262,1,quantum_config.qubo_config.exploration_boost,exploration_boost,0.5,1,D:\codes\Python\CIC\config\qubo\qubo_exploration_boost_1.0.json
qubo,micp1,qubo_hamming_penalty_0.5,output\param_comp\qubo\qubo_hamming_penalty_0.5__problem_micp_1.json,feasible,5757.816667,5757.816667,175.01367616653442,175.01367616653442,1,quantum_config.qubo_config.hamming_penalty,hamming_penalty,1.5,0.5,D:\codes\Python\CIC\config\qubo\qubo_hamming_penalty_0.5.json
qubo,micp1,qubo_hamming_penalty_3.0,output\param_comp\qubo\qubo_hamming_penalty_3.0__problem_micp_1.json,feasible,5757.816667,5757.816667,187.98491668701172,187.98491668701172,1,quantum_config.qubo_config.hamming_penalty,hamming_penalty,1.5,3,D:\codes\Python\CIC\config\qubo\qubo_hamming_penalty_3.0.json
qubo,micp1,qubo_resource_penalty_20.0,output\param_comp\qubo\qubo_resource_penalty_20.0__problem_micp_1.json,feasible,5757.816667,5757.816667,181.74773645401,181.74773645401,1,quantum_config.qubo_config.resource_penalty,resource_penalty,10,20,D:\codes\Python\CIC\config\qubo\qubo_resource_penalty_20.0.json
qubo,micp1,qubo_resource_penalty_5.0,output\param_comp\qubo\qubo_resource_penalty_5.0__problem_micp_1.json,feasible,5757.816667,5757.816667,183.31646728515625,183.31646728515625,1,quantum_config.qubo_config.resource_penalty,resource_penalty,10,5,D:\codes\Python\CIC\config\qubo\qubo_resource_penalty_5.0.json
qubo,micp1,qubo_tabu_penalty_10.0,output\param_comp\qubo\qubo_tabu_penalty_10.0__problem_micp_1.json,feasible,5757.816667,5757.816667,188.4190673828125,188.4190673828125,1,quantum_config.qubo_config.tabu_penalty,tabu_penalty,5,10,D:\codes\Python\CIC\config\qubo\qubo_tabu_penalty_10.0.json
qubo,micp1,qubo_tabu_penalty_2.0,output\param_comp\qubo\qubo_tabu_penalty_2.0__problem_micp_1.json,feasible,5757.816667,5757.816667,184.51629757881165,184.51629757881165,1,quantum_config.qubo_config.tabu_penalty,tabu_penalty,5,2,D:\codes\Python\CIC\config\qubo\qubo_tabu_penalty_2.0.json
bias,micp2,bias_elite_reward_step_0.05,output\param_comp\bias\bias_elite_reward_step_0.05__problem_micp_2.json,feasible,16069.392006,16069.392006,352.1684865951538,352.1684865951538,0,,,,,D:\codes\Python\CIC\config\bias\bias_elite_reward_step_0.05.json
bias,micp2,bias_pair_penalty_step_0.15,output\param_comp\bias\bias_pair_penalty_step_0.15__problem_micp_2.json,feasible,16069.392006,16069.392006,391.5742452144623,391.5742452144623,0,,,,,D:\codes\Python\CIC\config\bias\bias_pair_penalty_step_0.15.json
bias,micp2,bias_penalty_step_0.2,output\param_comp\bias\bias_penalty_step_0.2__problem_micp_2.json,feasible,16069.392006,16069.392006,306.5663249492645,306.5663249492645,0,,,,,D:\codes\Python\CIC\config\bias\bias_penalty_step_0.2.json
bias,micp2,bias_reward_step_0.1,output\param_comp\bias\bias_reward_step_0.1__problem_micp_2.json,feasible,16069.392006,16069.392006,301.94980025291443,301.94980025291443,0,,,,,D:\codes\Python\CIC\config\bias\bias_reward_step_0.1.json
bias,micp2,bias_elite_reward_step_0.02,output\param_comp\bias\bias_elite_reward_step_0.02__problem_micp_2.json,feasible,16069.392006,16069.392006,329.55918979644775,329.55918979644775,1,iterative_config.bias_update_config.elite_reward_step,elite_reward_step,0.05,0.02,D:\codes\Python\CIC\config\bias\bias_elite_reward_step_0.02.json
bias,micp2,bias_elite_reward_step_0.1,output\param_comp\bias\bias_elite_reward_step_0.1__problem_micp_2.json,feasible,16069.392006,16069.392006,425.5962700843811,425.5962700843811,1,iterative_config.bias_update_config.elite_reward_step,elite_reward_step,0.05,0.1,D:\codes\Python\CIC\config\bias\bias_elite_reward_step_0.1.json
bias,micp2,bias_pair_penalty_step_0.1,output\param_comp\bias\bias_pair_penalty_step_0.1__problem_micp_2.json,feasible,16069.392006,16069.392006,490.7410955429077,490.7410955429077,1,iterative_config.bias_update_config.pair_penalty_step,pair_penalty_step,0.15,0.1,D:\codes\Python\CIC\config\bias\bias_pair_penalty_step_0.1.json
bias,micp2,bias_pair_penalty_step_0.3,output\param_comp\bias\bias_pair_penalty_step_0.3__problem_micp_2.json,feasible,16069.392006,16069.392006,357.10769176483154,357.10769176483154,1,iterative_config.bias_update_config.pair_penalty_step,pair_penalty_step,0.15,0.3,D:\codes\Python\CIC\config\bias\bias_pair_penalty_step_0.3.json
bias,micp2,bias_penalty_step_0.1,output\param_comp\bias\bias_penalty_step_0.1__problem_micp_2.json,feasible,16069.392006,16069.392006,292.05411410331726,292.05411410331726,1,iterative_config.bias_update_config.penalty_step,penalty_step,0.2,0.1,D:\codes\Python\CIC\config\bias\bias_penalty_step_0.1.json
bias,micp2,bias_penalty_step_0.3,output\param_comp\bias\bias_penalty_step_0.3__problem_micp_2.json,feasible,16069.392006,16069.392006,326.7174479961395,326.7174479961395,1,iterative_config.bias_update_config.penalty_step,penalty_step,0.2,0.3,D:\codes\Python\CIC\config\bias\bias_penalty_step_0.3.json
bias,micp2,bias_reward_step_0.05,output\param_comp\bias\bias_reward_step_0.05__problem_micp_2.json,feasible,16069.392006,16069.392006,339.28518056869507,339.28518056869507,1,iterative_config.bias_update_config.reward_step,reward_step,0.1,0.05,D:\codes\Python\CIC\config\bias\bias_reward_step_0.05.json
bias,micp2,bias_reward_step_0.2,output\param_comp\bias\bias_reward_step_0.2__problem_micp_2.json,feasible,16069.392006,16069.392006,343.5835382938385,343.5835382938385,1,iterative_config.bias_update_config.reward_step,reward_step,0.1,0.2,D:\codes\Python\CIC\config\bias\bias_reward_step_0.2.json
candidate,micp2,candidate_far_bonus_0.02,output\param_comp\candidate\candidate_far_bonus_0.02__problem_micp_2.json,feasible,16069.392006,16069.392006,417.37749767303467,417.37749767303467,0,,,,,D:\codes\Python\CIC\config\candidate\candidate_far_bonus_0.02.json
candidate,micp2,candidate_min_far_candidates_2,output\param_comp\candidate\candidate_min_far_candidates_2__problem_micp_2.json,feasible,16069.392006,16069.392006,322.22333550453186,322.22333550453186,0,,,,,D:\codes\Python\CIC\config\candidate\candidate_min_far_candidates_2.json
candidate,micp2,candidate_min_hamming_distance_2,output\param_comp\candidate\candidate_min_hamming_distance_2__problem_micp_2.json,feasible,16069.392006,16069.392006,308.9325397014618,308.9325397014618,0,,,,,D:\codes\Python\CIC\config\candidate\candidate_min_hamming_distance_2.json
candidate,micp2,candidate_objective_bonus_0.05,output\param_comp\candidate\candidate_objective_bonus_0.05__problem_micp_2.json,feasible,16069.392006,16069.392006,380.4939486980438,380.4939486980438,0,,,,,D:\codes\Python\CIC\config\candidate\candidate_objective_bonus_0.05.json
candidate,micp2,candidate_top_k_8,output\param_comp\candidate\candidate_top_k_8__problem_micp_2.json,feasible,15474.335211,15474.335211,421.129634141922,421.129634141922,0,,,,,D:\codes\Python\CIC\config\candidate\candidate_top_k_8.json
candidate,micp2,candidate_far_bonus_0.0,output\param_comp\candidate\candidate_far_bonus_0.0__problem_micp_2.json,feasible,16069.392006,16069.392006,364.48843717575073,364.48843717575073,1,iterative_config.candidate_config.far_bonus,far_bonus,0.02,0,D:\codes\Python\CIC\config\candidate\candidate_far_bonus_0.0.json
candidate,micp2,candidate_far_bonus_0.05,output\param_comp\candidate\candidate_far_bonus_0.05__problem_micp_2.json,feasible,16069.392006,16069.392006,317.5038113594055,317.5038113594055,1,iterative_config.candidate_config.far_bonus,far_bonus,0.02,0.05,D:\codes\Python\CIC\config\candidate\candidate_far_bonus_0.05.json
candidate,micp2,candidate_min_far_candidates_1,output\param_comp\candidate\candidate_min_far_candidates_1__problem_micp_2.json,feasible,16069.392006,16069.392006,391.56448340415955,391.56448340415955,1,iterative_config.candidate_config.min_far_candidates,min_far_candidates,2,1,D:\codes\Python\CIC\config\candidate\candidate_min_far_candidates_1.json
candidate,micp2,candidate_min_far_candidates_4,output\param_comp\candidate\candidate_min_far_candidates_4__problem_micp_2.json,feasible,16069.392006,16069.392006,298.5059118270874,298.5059118270874,1,iterative_config.candidate_config.min_far_candidates,min_far_candidates,2,4,D:\codes\Python\CIC\config\candidate\candidate_min_far_candidates_4.json
candidate,micp2,candidate_min_hamming_distance_1,output\param_comp\candidate\candidate_min_hamming_distance_1__problem_micp_2.json,feasible,16069.392006,16069.392006,312.3718888759613,312.3718888759613,1,iterative_config.candidate_config.min_hamming_distance,min_hamming_distance,2,1,D:\codes\Python\CIC\config\candidate\candidate_min_hamming_distance_1.json
candidate,micp2,candidate_min_hamming_distance_3,output\param_comp\candidate\candidate_min_hamming_distance_3__problem_micp_2.json,feasible,16069.392006,16069.392006,338.02728486061096,338.02728486061096,1,iterative_config.candidate_config.min_hamming_distance,min_hamming_distance,2,3,D:\codes\Python\CIC\config\candidate\candidate_min_hamming_distance_3.json
candidate,micp2,candidate_objective_bonus_0.01,output\param_comp\candidate\candidate_objective_bonus_0.01__problem_micp_2.json,feasible,16069.392006,16069.392006,397.7752823829651,397.7752823829651,1,iterative_config.candidate_config.objective_bonus,objective_bonus,0.05,0.01,D:\codes\Python\CIC\config\candidate\candidate_objective_bonus_0.01.json
candidate,micp2,candidate_objective_bonus_0.1,output\param_comp\candidate\candidate_objective_bonus_0.1__problem_micp_2.json,feasible,16069.392006,16069.392006,444.43657755851746,444.43657755851746,1,iterative_config.candidate_config.objective_bonus,objective_bonus,0.05,0.1,D:\codes\Python\CIC\config\candidate\candidate_objective_bonus_0.1.json
candidate,micp2,candidate_top_k_12,output\param_comp\candidate\candidate_top_k_12__problem_micp_2.json,feasible,16069.392006,16069.392006,355.7946705818176,355.7946705818176,1,iterative_config.candidate_config.top_k,top_k,8,12,D:\codes\Python\CIC\config\candidate\candidate_top_k_12.json
candidate,micp2,candidate_top_k_4,output\param_comp\candidate\candidate_top_k_4__problem_micp_2.json,feasible,16069.392006,16069.392006,444.7400896549225,444.7400896549225,1,iterative_config.candidate_config.top_k,top_k,8,4,D:\codes\Python\CIC\config\candidate\candidate_top_k_4.json
local,micp2,local_max_iter_20,output\param_comp\local\local_max_iter_20__problem_micp_2.json,feasible,16069.392006,16069.392006,439.210401058197,439.210401058197,0,,,,,D:\codes\Python\CIC\config\local\local_max_iter_20.json
local,micp2,local_max_start_points_3,output\param_comp\local\local_max_start_points_3__problem_micp_2.json,feasible,16069.392006,16069.392006,313.96363043785095,313.96363043785095,0,,,,,D:\codes\Python\CIC\config\local\local_max_start_points_3.json
local,micp2,local_max_iter_10,output\param_comp\local\local_max_iter_10__problem_micp_2.json,feasible,16069.392006,16069.392006,444.65860891342163,444.65860891342163,1,iterative_config.local_refine_config.max_iter,max_iter,20,10,D:\codes\Python\CIC\config\local\local_max_iter_10.json
local,micp2,local_max_iter_50,output\param_comp\local\local_max_iter_50__problem_micp_2.json,feasible,16069.392006,16069.392006,375.85778999328613,375.85778999328613,1,iterative_config.local_refine_config.max_iter,max_iter,20,50,D:\codes\Python\CIC\config\local\local_max_iter_50.json
local,micp2,local_max_start_points_1,output\param_comp\local\local_max_start_points_1__problem_micp_2.json,feasible,16069.392006,16069.392006,330.8726041316986,330.8726041316986,1,iterative_config.local_refine_config.max_start_points,max_start_points,3,1,D:\codes\Python\CIC\config\local\local_max_start_points_1.json
local,micp2,local_max_start_points_5,output\param_comp\local\local_max_start_points_5__problem_micp_2.json,feasible,16069.392006,16069.392006,322.39833068847656,322.39833068847656,1,iterative_config.local_refine_config.max_start_points,max_start_points,3,5,D:\codes\Python\CIC\config\local\local_max_start_points_5.json
qaoa,micp2,"qaoa_beta_values_[0.2,0.5]","output\param_comp\qaoa\qaoa_beta_values_[0.2,0.5]__problem_micp_2.json",feasible,16069.392006,16069.392006,335.9805996417999,335.9805996417999,0,,,,,"D:\codes\Python\CIC\config\qaoa\qaoa_beta_values_[0.2,0.5].json"
qaoa,micp2,"qaoa_gamma_values_[0.2,0.5]","output\param_comp\qaoa\qaoa_gamma_values_[0.2,0.5]__problem_micp_2.json",feasible,16069.392006,16069.392006,349.87361907958984,349.87361907958984,0,,,,,"D:\codes\Python\CIC\config\qaoa\qaoa_gamma_values_[0.2,0.5].json"
qaoa,micp2,qaoa_p_1,output\param_comp\qaoa\qaoa_p_1__problem_micp_2.json,feasible,16069.392006,16069.392006,436.51211524009705,436.51211524009705,0,,,,,D:\codes\Python\CIC\config\qaoa\qaoa_p_1.json
qaoa,micp2,qaoa_shots_128,output\param_comp\qaoa\qaoa_shots_128__problem_micp_2.json,feasible,16069.392006,16069.392006,458.08051013946533,458.08051013946533,0,,,,,D:\codes\Python\CIC\config\qaoa\qaoa_shots_128.json
qaoa,micp2,"qaoa_beta_values_[0.1,0.3]","output\param_comp\qaoa\qaoa_beta_values_[0.1,0.3]__problem_micp_2.json",feasible,16069.392006,16069.392006,318.2766230106354,318.2766230106354,1,quantum_config.qaoa_config.beta_values,beta_values,"[0.2, 0.5]","[0.1, 0.3]","D:\codes\Python\CIC\config\qaoa\qaoa_beta_values_[0.1,0.3].json"
qaoa,micp2,"qaoa_beta_values_[0.5,1.0]","output\param_comp\qaoa\qaoa_beta_values_[0.5,1.0]__problem_micp_2.json",feasible,16069.392006,16069.392006,325.5617434978485,325.5617434978485,1,quantum_config.qaoa_config.beta_values,beta_values,"[0.2, 0.5]","[0.5, 1.0]","D:\codes\Python\CIC\config\qaoa\qaoa_beta_values_[0.5,1.0].json"
qaoa,micp2,"qaoa_gamma_values_[0.1,0.3]","output\param_comp\qaoa\qaoa_gamma_values_[0.1,0.3]__problem_micp_2.json",feasible,16069.392006,16069.392006,497.1483941078186,497.1483941078186,1,quantum_config.qaoa_config.gamma_values,gamma_values,"[0.2, 0.5]","[0.1, 0.3]","D:\codes\Python\CIC\config\qaoa\qaoa_gamma_values_[0.1,0.3].json"
qaoa,micp2,"qaoa_gamma_values_[0.5,1.0]","output\param_comp\qaoa\qaoa_gamma_values_[0.5,1.0]__problem_micp_2.json",feasible,16069.392006,16069.392006,443.8631751537323,443.8631751537323,1,quantum_config.qaoa_config.gamma_values,gamma_values,"[0.2, 0.5]","[0.5, 1.0]","D:\codes\Python\CIC\config\qaoa\qaoa_gamma_values_[0.5,1.0].json"
qaoa,micp2,qaoa_p_2,output\param_comp\qaoa\qaoa_p_2__problem_micp_2.json,feasible,16069.392006,16069.392006,475.9451148509979,475.9451148509979,1,quantum_config.qaoa_config.p,p,1,2,D:\codes\Python\CIC\config\qaoa\qaoa_p_2.json
qaoa,micp2,qaoa_shots_256,output\param_comp\qaoa\qaoa_shots_256__problem_micp_2.json,feasible,16069.392006,16069.392006,561.8045399188995,561.8045399188995,1,quantum_config.qaoa_config.shots,shots,128,256,D:\codes\Python\CIC\config\qaoa\qaoa_shots_256.json
qaoa,micp2,qaoa_shots_64,output\param_comp\qaoa\qaoa_shots_64__problem_micp_2.json,feasible,16069.392006,16069.392006,463.2810297012329,463.2810297012329,1,quantum_config.qaoa_config.shots,shots,128,64,D:\codes\Python\CIC\config\qaoa\qaoa_shots_64.json
qubo,micp2,qubo_elite_weight_0.5,output\param_comp\qubo\qubo_elite_weight_0.5__problem_micp_2.json,feasible,16069.392006,16069.392006,399.6684365272522,399.6684365272522,0,,,,,D:\codes\Python\CIC\config\qubo\qubo_elite_weight_0.5.json
qubo,micp2,qubo_exploration_boost_0.5,output\param_comp\qubo\qubo_exploration_boost_0.5__problem_micp_2.json,feasible,16069.392006,16069.392006,354.01965856552124,354.01965856552124,0,,,,,D:\codes\Python\CIC\config\qubo\qubo_exploration_boost_0.5.json
qubo,micp2,qubo_hamming_penalty_1.5,output\param_comp\qubo\qubo_hamming_penalty_1.5__problem_micp_2.json,feasible,16069.392006,16069.392006,440.57330083847046,440.57330083847046,0,,,,,D:\codes\Python\CIC\config\qubo\qubo_hamming_penalty_1.5.json
qubo,micp2,qubo_resource_penalty_10.0,output\param_comp\qubo\qubo_resource_penalty_10.0__problem_micp_2.json,feasible,16069.392006,16069.392006,551.0544345378876,551.0544345378876,0,,,,,D:\codes\Python\CIC\config\qubo\qubo_resource_penalty_10.0.json
qubo,micp2,qubo_tabu_penalty_5.0,output\param_comp\qubo\qubo_tabu_penalty_5.0__problem_micp_2.json,feasible,16069.392006,16069.392006,417.14967107772827,417.14967107772827,0,,,,,D:\codes\Python\CIC\config\qubo\qubo_tabu_penalty_5.0.json
qubo,micp2,qubo_elite_weight_0.2,output\param_comp\qubo\qubo_elite_weight_0.2__problem_micp_2.json,feasible,16069.392006,16069.392006,289.5219032764435,289.5223779678345,1,quantum_config.qubo_config.elite_weight,elite_weight,0.5,0.2,D:\codes\Python\CIC\config\qubo\qubo_elite_weight_0.2.json
qubo,micp2,qubo_elite_weight_1.0,output\param_comp\qubo\qubo_elite_weight_1.0__problem_micp_2.json,feasible,16069.392006,16069.392006,313.5492293834686,313.5492293834686,1,quantum_config.qubo_config.elite_weight,elite_weight,0.5,1,D:\codes\Python\CIC\config\qubo\qubo_elite_weight_1.0.json
qubo,micp2,qubo_exploration_boost_0.2,output\param_comp\qubo\qubo_exploration_boost_0.2__problem_micp_2.json,feasible,16069.392006,16069.392006,403.386798620224,403.386798620224,1,quantum_config.qubo_config.exploration_boost,exploration_boost,0.5,0.2,D:\codes\Python\CIC\config\qubo\qubo_exploration_boost_0.2.json
qubo,micp2,qubo_exploration_boost_1.0,output\param_comp\qubo\qubo_exploration_boost_1.0__problem_micp_2.json,feasible,16069.392006,16069.392006,423.19431161880493,423.19431161880493,1,quantum_config.qubo_config.exploration_boost,exploration_boost,0.5,1,D:\codes\Python\CIC\config\qubo\qubo_exploration_boost_1.0.json
qubo,micp2,qubo_hamming_penalty_0.5,output\param_comp\qubo\qubo_hamming_penalty_0.5__problem_micp_2.json,feasible,16069.392006,16069.392006,436.59081077575684,436.59081077575684,1,quantum_config.qubo_config.hamming_penalty,hamming_penalty,1.5,0.5,D:\codes\Python\CIC\config\qubo\qubo_hamming_penalty_0.5.json
qubo,micp2,qubo_hamming_penalty_3.0,output\param_comp\qubo\qubo_hamming_penalty_3.0__problem_micp_2.json,feasible,16069.392006,16069.392006,395.8804738521576,395.8804738521576,1,quantum_config.qubo_config.hamming_penalty,hamming_penalty,1.5,3,D:\codes\Python\CIC\config\qubo\qubo_hamming_penalty_3.0.json
qubo,micp2,qubo_resource_penalty_20.0,output\param_comp\qubo\qubo_resource_penalty_20.0__problem_micp_2.json,feasible,16069.392006,16069.392006,447.58579754829407,447.58579754829407,1,quantum_config.qubo_config.resource_penalty,resource_penalty,10,20,D:\codes\Python\CIC\config\qubo\qubo_resource_penalty_20.0.json
qubo,micp2,qubo_resource_penalty_5.0,output\param_comp\qubo\qubo_resource_penalty_5.0__problem_micp_2.json,feasible,16069.392006,16069.392006,477.79725337028503,477.79725337028503,1,quantum_config.qubo_config.resource_penalty,resource_penalty,10,5,D:\codes\Python\CIC\config\qubo\qubo_resource_penalty_5.0.json
qubo,micp2,qubo_tabu_penalty_10.0,output\param_comp\qubo\qubo_tabu_penalty_10.0__problem_micp_2.json,feasible,16069.392006,16069.392006,442.15038561820984,442.15038561820984,1,quantum_config.qubo_config.tabu_penalty,tabu_penalty,5,10,D:\codes\Python\CIC\config\qubo\qubo_tabu_penalty_10.0.json
qubo,micp2,qubo_tabu_penalty_2.0,output\param_comp\qubo\qubo_tabu_penalty_2.0__problem_micp_2.json,feasible,16069.392006,16069.392006,540.9391596317291,540.9391596317291,1,quantum_config.qubo_config.tabu_penalty,tabu_penalty,5,2,D:\codes\Python\CIC\config\qubo\qubo_tabu_penalty_2.0.json
bias,milp1,bias_elite_reward_step_0.05,output\param_comp\bias\bias_elite_reward_step_0.05__problem_milp_1.json,feasible,6325.0,6325.0,0.07514572143554688,0.07514572143554688,0,,,,,D:\codes\Python\CIC\config\bias\bias_elite_reward_step_0.05.json
bias,milp1,bias_pair_penalty_step_0.15,output\param_comp\bias\bias_pair_penalty_step_0.15__problem_milp_1.json,feasible,6325.0,6325.0,0.0695958137512207,0.0695958137512207,0,,,,,D:\codes\Python\CIC\config\bias\bias_pair_penalty_step_0.15.json
bias,milp1,bias_penalty_step_0.2,output\param_comp\bias\bias_penalty_step_0.2__problem_milp_1.json,feasible,6325.0,6325.0,0.07117462158203125,0.07117462158203125,0,,,,,D:\codes\Python\CIC\config\bias\bias_penalty_step_0.2.json
bias,milp1,bias_reward_step_0.1,output\param_comp\bias\bias_reward_step_0.1__problem_milp_1.json,feasible,6325.0,6325.0,0.07359743118286133,0.07359743118286133,0,,,,,D:\codes\Python\CIC\config\bias\bias_reward_step_0.1.json
bias,milp1,bias_elite_reward_step_0.02,output\param_comp\bias\bias_elite_reward_step_0.02__problem_milp_1.json,feasible,6325.0,6325.0,0.09068751335144043,0.09068751335144043,1,iterative_config.bias_update_config.elite_reward_step,elite_reward_step,0.05,0.02,D:\codes\Python\CIC\config\bias\bias_elite_reward_step_0.02.json
bias,milp1,bias_elite_reward_step_0.1,output\param_comp\bias\bias_elite_reward_step_0.1__problem_milp_1.json,feasible,6325.0,6325.0,0.08427047729492188,0.08427047729492188,1,iterative_config.bias_update_config.elite_reward_step,elite_reward_step,0.05,0.1,D:\codes\Python\CIC\config\bias\bias_elite_reward_step_0.1.json
bias,milp1,bias_pair_penalty_step_0.1,output\param_comp\bias\bias_pair_penalty_step_0.1__problem_milp_1.json,feasible,6325.0,6325.0,0.0987555980682373,0.0987555980682373,1,iterative_config.bias_update_config.pair_penalty_step,pair_penalty_step,0.15,0.1,D:\codes\Python\CIC\config\bias\bias_pair_penalty_step_0.1.json
bias,milp1,bias_pair_penalty_step_0.3,output\param_comp\bias\bias_pair_penalty_step_0.3__problem_milp_1.json,feasible,6325.0,6325.0,0.07172417640686035,0.07172417640686035,1,iterative_config.bias_update_config.pair_penalty_step,pair_penalty_step,0.15,0.3,D:\codes\Python\CIC\config\bias\bias_pair_penalty_step_0.3.json
bias,milp1,bias_penalty_step_0.1,output\param_comp\bias\bias_penalty_step_0.1__problem_milp_1.json,feasible,6325.0,6325.0,0.06763219833374023,0.06763219833374023,1,iterative_config.bias_update_config.penalty_step,penalty_step,0.2,0.1,D:\codes\Python\CIC\config\bias\bias_penalty_step_0.1.json
bias,milp1,bias_penalty_step_0.3,output\param_comp\bias\bias_penalty_step_0.3__problem_milp_1.json,feasible,6325.0,6325.0,0.07813429832458496,0.07813429832458496,1,iterative_config.bias_update_config.penalty_step,penalty_step,0.2,0.3,D:\codes\Python\CIC\config\bias\bias_penalty_step_0.3.json
bias,milp1,bias_reward_step_0.05,output\param_comp\bias\bias_reward_step_0.05__problem_milp_1.json,feasible,6325.0,6325.0,0.06698894500732422,0.06698894500732422,1,iterative_config.bias_update_config.reward_step,reward_step,0.1,0.05,D:\codes\Python\CIC\config\bias\bias_reward_step_0.05.json
bias,milp1,bias_reward_step_0.2,output\param_comp\bias\bias_reward_step_0.2__problem_milp_1.json,feasible,6325.0,6325.0,0.07210111618041992,0.07210111618041992,1,iterative_config.bias_update_config.reward_step,reward_step,0.1,0.2,D:\codes\Python\CIC\config\bias\bias_reward_step_0.2.json
candidate,milp1,candidate_far_bonus_0.02,output\param_comp\candidate\candidate_far_bonus_0.02__problem_milp_1.json,feasible,6325.0,6325.0,0.08456707000732422,0.08456707000732422,0,,,,,D:\codes\Python\CIC\config\candidate\candidate_far_bonus_0.02.json
candidate,milp1,candidate_min_far_candidates_2,output\param_comp\candidate\candidate_min_far_candidates_2__problem_milp_1.json,feasible,6325.0,6325.0,0.07110762596130371,0.07110762596130371,0,,,,,D:\codes\Python\CIC\config\candidate\candidate_min_far_candidates_2.json
candidate,milp1,candidate_min_hamming_distance_2,output\param_comp\candidate\candidate_min_hamming_distance_2__problem_milp_1.json,feasible,6325.0,6325.0,0.07007861137390137,0.07007861137390137,0,,,,,D:\codes\Python\CIC\config\candidate\candidate_min_hamming_distance_2.json
candidate,milp1,candidate_objective_bonus_0.05,output\param_comp\candidate\candidate_objective_bonus_0.05__problem_milp_1.json,feasible,6325.0,6325.0,0.07837677001953125,0.07837677001953125,0,,,,,D:\codes\Python\CIC\config\candidate\candidate_objective_bonus_0.05.json
candidate,milp1,candidate_top_k_8,output\param_comp\candidate\candidate_top_k_8__problem_milp_1.json,feasible,6325.0,6325.0,0.08015966415405273,0.08015966415405273,0,,,,,D:\codes\Python\CIC\config\candidate\candidate_top_k_8.json
candidate,milp1,candidate_far_bonus_0.0,output\param_comp\candidate\candidate_far_bonus_0.0__problem_milp_1.json,feasible,6325.0,6325.0,0.07457709312438965,0.07457709312438965,1,iterative_config.candidate_config.far_bonus,far_bonus,0.02,0,D:\codes\Python\CIC\config\candidate\candidate_far_bonus_0.0.json
candidate,milp1,candidate_far_bonus_0.05,output\param_comp\candidate\candidate_far_bonus_0.05__problem_milp_1.json,feasible,6325.0,6325.0,0.0682680606842041,0.0682680606842041,1,iterative_config.candidate_config.far_bonus,far_bonus,0.02,0.05,D:\codes\Python\CIC\config\candidate\candidate_far_bonus_0.05.json
candidate,milp1,candidate_min_far_candidates_1,output\param_comp\candidate\candidate_min_far_candidates_1__problem_milp_1.json,feasible,6325.0,6325.0,0.06777024269104004,0.06777024269104004,1,iterative_config.candidate_config.min_far_candidates,min_far_candidates,2,1,D:\codes\Python\CIC\config\candidate\candidate_min_far_candidates_1.json
candidate,milp1,candidate_min_far_candidates_4,output\param_comp\candidate\candidate_min_far_candidates_4__problem_milp_1.json,feasible,6325.0,6325.0,0.06760931015014648,0.06760931015014648,1,iterative_config.candidate_config.min_far_candidates,min_far_candidates,2,4,D:\codes\Python\CIC\config\candidate\candidate_min_far_candidates_4.json
candidate,milp1,candidate_min_hamming_distance_1,output\param_comp\candidate\candidate_min_hamming_distance_1__problem_milp_1.json,feasible,6325.0,6325.0,0.0670773983001709,0.0670773983001709,1,iterative_config.candidate_config.min_hamming_distance,min_hamming_distance,2,1,D:\codes\Python\CIC\config\candidate\candidate_min_hamming_distance_1.json
candidate,milp1,candidate_min_hamming_distance_3,output\param_comp\candidate\candidate_min_hamming_distance_3__problem_milp_1.json,feasible,6325.0,6325.0,0.07737874984741211,0.07737874984741211,1,iterative_config.candidate_config.min_hamming_distance,min_hamming_distance,2,3,D:\codes\Python\CIC\config\candidate\candidate_min_hamming_distance_3.json
candidate,milp1,candidate_objective_bonus_0.01,output\param_comp\candidate\candidate_objective_bonus_0.01__problem_milp_1.json,feasible,6325.0,6325.0,0.07359099388122559,0.07359099388122559,1,iterative_config.candidate_config.objective_bonus,objective_bonus,0.05,0.01,D:\codes\Python\CIC\config\candidate\candidate_objective_bonus_0.01.json
candidate,milp1,candidate_objective_bonus_0.1,output\param_comp\candidate\candidate_objective_bonus_0.1__problem_milp_1.json,feasible,6325.0,6325.0,0.08992886543273926,0.08992886543273926,1,iterative_config.candidate_config.objective_bonus,objective_bonus,0.05,0.1,D:\codes\Python\CIC\config\candidate\candidate_objective_bonus_0.1.json
candidate,milp1,candidate_top_k_12,output\param_comp\candidate\candidate_top_k_12__problem_milp_1.json,feasible,6325.0,6325.0,0.08410811424255371,0.08410811424255371,1,iterative_config.candidate_config.top_k,top_k,8,12,D:\codes\Python\CIC\config\candidate\candidate_top_k_12.json
candidate,milp1,candidate_top_k_4,output\param_comp\candidate\candidate_top_k_4__problem_milp_1.json,feasible,6325.0,6325.0,0.08657693862915039,0.08657693862915039,1,iterative_config.candidate_config.top_k,top_k,8,4,D:\codes\Python\CIC\config\candidate\candidate_top_k_4.json
local,milp1,local_max_iter_20,output\param_comp\local\local_max_iter_20__problem_milp_1.json,feasible,6325.0,6325.0,0.0725867748260498,0.0725867748260498,0,,,,,D:\codes\Python\CIC\config\local\local_max_iter_20.json
local,milp1,local_max_start_points_3,output\param_comp\local\local_max_start_points_3__problem_milp_1.json,feasible,6325.0,6325.0,0.07165384292602539,0.07165384292602539,0,,,,,D:\codes\Python\CIC\config\local\local_max_start_points_3.json
local,milp1,local_max_iter_10,output\param_comp\local\local_max_iter_10__problem_milp_1.json,feasible,6325.0,6325.0,0.09197473526000977,0.09197473526000977,1,iterative_config.local_refine_config.max_iter,max_iter,20,10,D:\codes\Python\CIC\config\local\local_max_iter_10.json
local,milp1,local_max_iter_50,output\param_comp\local\local_max_iter_50__problem_milp_1.json,feasible,6325.0,6325.0,0.0725858211517334,0.0725858211517334,1,iterative_config.local_refine_config.max_iter,max_iter,20,50,D:\codes\Python\CIC\config\local\local_max_iter_50.json
local,milp1,local_max_start_points_1,output\param_comp\local\local_max_start_points_1__problem_milp_1.json,feasible,6325.0,6325.0,0.07123899459838867,0.07123899459838867,1,iterative_config.local_refine_config.max_start_points,max_start_points,3,1,D:\codes\Python\CIC\config\local\local_max_start_points_1.json
local,milp1,local_max_start_points_5,output\param_comp\local\local_max_start_points_5__problem_milp_1.json,feasible,6325.0,6325.0,0.0859222412109375,0.0859222412109375,1,iterative_config.local_refine_config.max_start_points,max_start_points,3,5,D:\codes\Python\CIC\config\local\local_max_start_points_5.json
qaoa,milp1,"qaoa_beta_values_[0.2,0.5]","output\param_comp\qaoa\qaoa_beta_values_[0.2,0.5]__problem_milp_1.json",feasible,6325.0,6325.0,0.07352852821350098,0.07352852821350098,0,,,,,"D:\codes\Python\CIC\config\qaoa\qaoa_beta_values_[0.2,0.5].json"
qaoa,milp1,"qaoa_gamma_values_[0.2,0.5]","output\param_comp\qaoa\qaoa_gamma_values_[0.2,0.5]__problem_milp_1.json",feasible,6325.0,6325.0,0.06891512870788574,0.06891512870788574,0,,,,,"D:\codes\Python\CIC\config\qaoa\qaoa_gamma_values_[0.2,0.5].json"
qaoa,milp1,qaoa_p_1,output\param_comp\qaoa\qaoa_p_1__problem_milp_1.json,feasible,6325.0,6325.0,0.08357882499694824,0.08357882499694824,0,,,,,D:\codes\Python\CIC\config\qaoa\qaoa_p_1.json
qaoa,milp1,qaoa_shots_128,output\param_comp\qaoa\qaoa_shots_128__problem_milp_1.json,feasible,6325.0,6325.0,0.09496426582336426,0.09496426582336426,0,,,,,D:\codes\Python\CIC\config\qaoa\qaoa_shots_128.json
qaoa,milp1,"qaoa_beta_values_[0.1,0.3]","output\param_comp\qaoa\qaoa_beta_values_[0.1,0.3]__problem_milp_1.json",feasible,6325.0,6325.0,0.08148479461669922,0.08148479461669922,1,quantum_config.qaoa_config.beta_values,beta_values,"[0.2, 0.5]","[0.1, 0.3]","D:\codes\Python\CIC\config\qaoa\qaoa_beta_values_[0.1,0.3].json"
qaoa,milp1,"qaoa_beta_values_[0.5,1.0]","output\param_comp\qaoa\qaoa_beta_values_[0.5,1.0]__problem_milp_1.json",feasible,6325.0,6325.0,0.0692143440246582,0.0692143440246582,1,quantum_config.qaoa_config.beta_values,beta_values,"[0.2, 0.5]","[0.5, 1.0]","D:\codes\Python\CIC\config\qaoa\qaoa_beta_values_[0.5,1.0].json"
qaoa,milp1,"qaoa_gamma_values_[0.1,0.3]","output\param_comp\qaoa\qaoa_gamma_values_[0.1,0.3]__problem_milp_1.json",feasible,6325.0,6325.0,0.08932828903198242,0.08932828903198242,1,quantum_config.qaoa_config.gamma_values,gamma_values,"[0.2, 0.5]","[0.1, 0.3]","D:\codes\Python\CIC\config\qaoa\qaoa_gamma_values_[0.1,0.3].json"
qaoa,milp1,"qaoa_gamma_values_[0.5,1.0]","output\param_comp\qaoa\qaoa_gamma_values_[0.5,1.0]__problem_milp_1.json",feasible,6325.0,6325.0,0.0939333438873291,0.0939333438873291,1,quantum_config.qaoa_config.gamma_values,gamma_values,"[0.2, 0.5]","[0.5, 1.0]","D:\codes\Python\CIC\config\qaoa\qaoa_gamma_values_[0.5,1.0].json"
qaoa,milp1,qaoa_p_2,output\param_comp\qaoa\qaoa_p_2__problem_milp_1.json,feasible,6325.0,6325.0,0.08288311958312988,0.08288311958312988,1,quantum_config.qaoa_config.p,p,1,2,D:\codes\Python\CIC\config\qaoa\qaoa_p_2.json
qaoa,milp1,qaoa_shots_256,output\param_comp\qaoa\qaoa_shots_256__problem_milp_1.json,feasible,6325.0,6325.0,0.08728861808776855,0.08728861808776855,1,quantum_config.qaoa_config.shots,shots,128,256,D:\codes\Python\CIC\config\qaoa\qaoa_shots_256.json
qaoa,milp1,qaoa_shots_64,output\param_comp\qaoa\qaoa_shots_64__problem_milp_1.json,feasible,6325.0,6325.0,0.07516312599182129,0.07516312599182129,1,quantum_config.qaoa_config.shots,shots,128,64,D:\codes\Python\CIC\config\qaoa\qaoa_shots_64.json
qubo,milp1,qubo_elite_weight_0.5,output\param_comp\qubo\qubo_elite_weight_0.5__problem_milp_1.json,feasible,6325.0,6325.0,0.07599258422851562,0.07599258422851562,0,,,,,D:\codes\Python\CIC\config\qubo\qubo_elite_weight_0.5.json
qubo,milp1,qubo_exploration_boost_0.5,output\param_comp\qubo\qubo_exploration_boost_0.5__problem_milp_1.json,feasible,6325.0,6325.0,0.06903648376464844,0.06903648376464844,0,,,,,D:\codes\Python\CIC\config\qubo\qubo_exploration_boost_0.5.json
qubo,milp1,qubo_hamming_penalty_1.5,output\param_comp\qubo\qubo_hamming_penalty_1.5__problem_milp_1.json,feasible,6325.0,6325.0,0.0827341079711914,0.0827341079711914,0,,,,,D:\codes\Python\CIC\config\qubo\qubo_hamming_penalty_1.5.json
qubo,milp1,qubo_resource_penalty_10.0,output\param_comp\qubo\qubo_resource_penalty_10.0__problem_milp_1.json,feasible,6325.0,6325.0,0.10219740867614746,0.10219740867614746,0,,,,,D:\codes\Python\CIC\config\qubo\qubo_resource_penalty_10.0.json
qubo,milp1,qubo_tabu_penalty_5.0,output\param_comp\qubo\qubo_tabu_penalty_5.0__problem_milp_1.json,feasible,6325.0,6325.0,0.08868622779846191,0.08868622779846191,0,,,,,D:\codes\Python\CIC\config\qubo\qubo_tabu_penalty_5.0.json
qubo,milp1,qubo_elite_weight_0.2,output\param_comp\qubo\qubo_elite_weight_0.2__problem_milp_1.json,feasible,6325.0,6325.0,0.07718038558959961,0.07718038558959961,1,quantum_config.qubo_config.elite_weight,elite_weight,0.5,0.2,D:\codes\Python\CIC\config\qubo\qubo_elite_weight_0.2.json
qubo,milp1,qubo_elite_weight_1.0,output\param_comp\qubo\qubo_elite_weight_1.0__problem_milp_1.json,feasible,6325.0,6325.0,0.07445049285888672,0.07445049285888672,1,quantum_config.qubo_config.elite_weight,elite_weight,0.5,1,D:\codes\Python\CIC\config\qubo\qubo_elite_weight_1.0.json
qubo,milp1,qubo_exploration_boost_0.2,output\param_comp\qubo\qubo_exploration_boost_0.2__problem_milp_1.json,feasible,6325.0,6325.0,0.0848548412322998,0.0848548412322998,1,quantum_config.qubo_config.exploration_boost,exploration_boost,0.5,0.2,D:\codes\Python\CIC\config\qubo\qubo_exploration_boost_0.2.json
qubo,milp1,qubo_exploration_boost_1.0,output\param_comp\qubo\qubo_exploration_boost_1.0__problem_milp_1.json,feasible,6325.0,6325.0,0.07702255249023438,0.07702255249023438,1,quantum_config.qubo_config.exploration_boost,exploration_boost,0.5,1,D:\codes\Python\CIC\config\qubo\qubo_exploration_boost_1.0.json
qubo,milp1,qubo_hamming_penalty_0.5,output\param_comp\qubo\qubo_hamming_penalty_0.5__problem_milp_1.json,feasible,6325.0,6325.0,0.0846099853515625,0.08561015129089355,1,quantum_config.qubo_config.hamming_penalty,hamming_penalty,1.5,0.5,D:\codes\Python\CIC\config\qubo\qubo_hamming_penalty_0.5.json
qubo,milp1,qubo_hamming_penalty_3.0,output\param_comp\qubo\qubo_hamming_penalty_3.0__problem_milp_1.json,feasible,6325.0,6325.0,0.08718562126159668,0.08718562126159668,1,quantum_config.qubo_config.hamming_penalty,hamming_penalty,1.5,3,D:\codes\Python\CIC\config\qubo\qubo_hamming_penalty_3.0.json
qubo,milp1,qubo_resource_penalty_20.0,output\param_comp\qubo\qubo_resource_penalty_20.0__problem_milp_1.json,feasible,6325.0,6325.0,0.09709978103637695,0.09709978103637695,1,quantum_config.qubo_config.resource_penalty,resource_penalty,10,20,D:\codes\Python\CIC\config\qubo\qubo_resource_penalty_20.0.json
qubo,milp1,qubo_resource_penalty_5.0,output\param_comp\qubo\qubo_resource_penalty_5.0__problem_milp_1.json,feasible,6325.0,6325.0,0.06871986389160156,0.06871986389160156,1,quantum_config.qubo_config.resource_penalty,resource_penalty,10,5,D:\codes\Python\CIC\config\qubo\qubo_resource_penalty_5.0.json
qubo,milp1,qubo_tabu_penalty_10.0,output\param_comp\qubo\qubo_tabu_penalty_10.0__problem_milp_1.json,feasible,6325.0,6325.0,0.08532285690307617,0.08532285690307617,1,quantum_config.qubo_config.tabu_penalty,tabu_penalty,5,10,D:\codes\Python\CIC\config\qubo\qubo_tabu_penalty_10.0.json
qubo,milp1,qubo_tabu_penalty_2.0,output\param_comp\qubo\qubo_tabu_penalty_2.0__problem_milp_1.json,feasible,6325.0,6325.0,0.08912444114685059,0.08912444114685059,1,quantum_config.qubo_config.tabu_penalty,tabu_penalty,5,2,D:\codes\Python\CIC\config\qubo\qubo_tabu_penalty_2.0.json
bias,milp2,bias_elite_reward_step_0.05,output\param_comp\bias\bias_elite_reward_step_0.05__problem_milp_2.json,feasible,19942.391304,19942.391304,0.25348567962646484,0.25348567962646484,0,,,,,D:\codes\Python\CIC\config\bias\bias_elite_reward_step_0.05.json
bias,milp2,bias_pair_penalty_step_0.15,output\param_comp\bias\bias_pair_penalty_step_0.15__problem_milp_2.json,feasible,19942.391304,19942.391304,0.23628759384155273,0.23628759384155273,0,,,,,D:\codes\Python\CIC\config\bias\bias_pair_penalty_step_0.15.json
bias,milp2,bias_penalty_step_0.2,output\param_comp\bias\bias_penalty_step_0.2__problem_milp_2.json,feasible,19942.391304,19942.391304,0.2306513786315918,0.2306513786315918,0,,,,,D:\codes\Python\CIC\config\bias\bias_penalty_step_0.2.json
bias,milp2,bias_reward_step_0.1,output\param_comp\bias\bias_reward_step_0.1__problem_milp_2.json,feasible,19942.391304,19942.391304,0.23246002197265625,0.23246002197265625,0,,,,,D:\codes\Python\CIC\config\bias\bias_reward_step_0.1.json
bias,milp2,bias_elite_reward_step_0.02,output\param_comp\bias\bias_elite_reward_step_0.02__problem_milp_2.json,feasible,19942.391304,19942.391304,0.28118014335632324,0.28118014335632324,1,iterative_config.bias_update_config.elite_reward_step,elite_reward_step,0.05,0.02,D:\codes\Python\CIC\config\bias\bias_elite_reward_step_0.02.json
bias,milp2,bias_elite_reward_step_0.1,output\param_comp\bias\bias_elite_reward_step_0.1__problem_milp_2.json,feasible,20084.103448,20084.103448,0.29694390296936035,0.29694390296936035,1,iterative_config.bias_update_config.elite_reward_step,elite_reward_step,0.05,0.1,D:\codes\Python\CIC\config\bias\bias_elite_reward_step_0.1.json
bias,milp2,bias_pair_penalty_step_0.1,output\param_comp\bias\bias_pair_penalty_step_0.1__problem_milp_2.json,feasible,20084.103448,20084.103448,0.2685704231262207,0.2685704231262207,1,iterative_config.bias_update_config.pair_penalty_step,pair_penalty_step,0.15,0.1,D:\codes\Python\CIC\config\bias\bias_pair_penalty_step_0.1.json
bias,milp2,bias_pair_penalty_step_0.3,output\param_comp\bias\bias_pair_penalty_step_0.3__problem_milp_2.json,feasible,19942.391304,19942.391304,0.24277758598327637,0.24277758598327637,1,iterative_config.bias_update_config.pair_penalty_step,pair_penalty_step,0.15,0.3,D:\codes\Python\CIC\config\bias\bias_pair_penalty_step_0.3.json
bias,milp2,bias_penalty_step_0.1,output\param_comp\bias\bias_penalty_step_0.1__problem_milp_2.json,feasible,19942.391304,19942.391304,0.24916958808898926,0.24916958808898926,1,iterative_config.bias_update_config.penalty_step,penalty_step,0.2,0.1,D:\codes\Python\CIC\config\bias\bias_penalty_step_0.1.json
bias,milp2,bias_penalty_step_0.3,output\param_comp\bias\bias_penalty_step_0.3__problem_milp_2.json,feasible,19942.391304,19942.391304,0.24181461334228516,0.24181461334228516,1,iterative_config.bias_update_config.penalty_step,penalty_step,0.2,0.3,D:\codes\Python\CIC\config\bias\bias_penalty_step_0.3.json
bias,milp2,bias_reward_step_0.05,output\param_comp\bias\bias_reward_step_0.05__problem_milp_2.json,feasible,19942.391304,19942.391304,0.22629356384277344,0.22629356384277344,1,iterative_config.bias_update_config.reward_step,reward_step,0.1,0.05,D:\codes\Python\CIC\config\bias\bias_reward_step_0.05.json
bias,milp2,bias_reward_step_0.2,output\param_comp\bias\bias_reward_step_0.2__problem_milp_2.json,feasible,19942.391304,19942.391304,0.2466423511505127,0.2466423511505127,1,iterative_config.bias_update_config.reward_step,reward_step,0.1,0.2,D:\codes\Python\CIC\config\bias\bias_reward_step_0.2.json
candidate,milp2,candidate_far_bonus_0.02,output\param_comp\candidate\candidate_far_bonus_0.02__problem_milp_2.json,feasible,19942.391304,19942.391304,0.3281574249267578,0.3281574249267578,0,,,,,D:\codes\Python\CIC\config\candidate\candidate_far_bonus_0.02.json
candidate,milp2,candidate_min_far_candidates_2,output\param_comp\candidate\candidate_min_far_candidates_2__problem_milp_2.json,feasible,20084.103448,20084.103448,0.2381289005279541,0.2381289005279541,0,,,,,D:\codes\Python\CIC\config\candidate\candidate_min_far_candidates_2.json
candidate,milp2,candidate_min_hamming_distance_2,output\param_comp\candidate\candidate_min_hamming_distance_2__problem_milp_2.json,feasible,20084.103448,20084.103448,0.24979186058044434,0.24979186058044434,0,,,,,D:\codes\Python\CIC\config\candidate\candidate_min_hamming_distance_2.json
candidate,milp2,candidate_objective_bonus_0.05,output\param_comp\candidate\candidate_objective_bonus_0.05__problem_milp_2.json,feasible,19942.391304,19942.391304,0.2751288414001465,0.2751288414001465,0,,,,,D:\codes\Python\CIC\config\candidate\candidate_objective_bonus_0.05.json
candidate,milp2,candidate_top_k_8,output\param_comp\candidate\candidate_top_k_8__problem_milp_2.json,feasible,19942.391304,19942.391304,0.2774372100830078,0.2774372100830078,0,,,,,D:\codes\Python\CIC\config\candidate\candidate_top_k_8.json
candidate,milp2,candidate_far_bonus_0.0,output\param_comp\candidate\candidate_far_bonus_0.0__problem_milp_2.json,feasible,19942.391304,19942.391304,0.2555098533630371,0.2555098533630371,1,iterative_config.candidate_config.far_bonus,far_bonus,0.02,0,D:\codes\Python\CIC\config\candidate\candidate_far_bonus_0.0.json
candidate,milp2,candidate_far_bonus_0.05,output\param_comp\candidate\candidate_far_bonus_0.05__problem_milp_2.json,feasible,19942.391304,19942.391304,0.25580406188964844,0.25580406188964844,1,iterative_config.candidate_config.far_bonus,far_bonus,0.02,0.05,D:\codes\Python\CIC\config\candidate\candidate_far_bonus_0.05.json
candidate,milp2,candidate_min_far_candidates_1,output\param_comp\candidate\candidate_min_far_candidates_1__problem_milp_2.json,feasible,19942.391304,19942.391304,0.24836945533752441,0.24836945533752441,1,iterative_config.candidate_config.min_far_candidates,min_far_candidates,2,1,D:\codes\Python\CIC\config\candidate\candidate_min_far_candidates_1.json
candidate,milp2,candidate_min_far_candidates_4,output\param_comp\candidate\candidate_min_far_candidates_4__problem_milp_2.json,feasible,19942.391304,19942.391304,0.252333402633667,0.252333402633667,1,iterative_config.candidate_config.min_far_candidates,min_far_candidates,2,4,D:\codes\Python\CIC\config\candidate\candidate_min_far_candidates_4.json
candidate,milp2,candidate_min_hamming_distance_1,output\param_comp\candidate\candidate_min_hamming_distance_1__problem_milp_2.json,feasible,19942.391304,19942.391304,0.23312711715698242,0.23312711715698242,1,iterative_config.candidate_config.min_hamming_distance,min_hamming_distance,2,1,D:\codes\Python\CIC\config\candidate\candidate_min_hamming_distance_1.json
candidate,milp2,candidate_min_hamming_distance_3,output\param_comp\candidate\candidate_min_hamming_distance_3__problem_milp_2.json,feasible,19942.391304,19942.391304,0.24143171310424805,0.24143171310424805,1,iterative_config.candidate_config.min_hamming_distance,min_hamming_distance,2,3,D:\codes\Python\CIC\config\candidate\candidate_min_hamming_distance_3.json
candidate,milp2,candidate_objective_bonus_0.01,output\param_comp\candidate\candidate_objective_bonus_0.01__problem_milp_2.json,feasible,20084.103448,20084.103448,0.2534489631652832,0.2534489631652832,1,iterative_config.candidate_config.objective_bonus,objective_bonus,0.05,0.01,D:\codes\Python\CIC\config\candidate\candidate_objective_bonus_0.01.json
candidate,milp2,candidate_objective_bonus_0.1,output\param_comp\candidate\candidate_objective_bonus_0.1__problem_milp_2.json,feasible,19942.391304,19942.391304,0.2781815528869629,0.2781815528869629,1,iterative_config.candidate_config.objective_bonus,objective_bonus,0.05,0.1,D:\codes\Python\CIC\config\candidate\candidate_objective_bonus_0.1.json
candidate,milp2,candidate_top_k_12,output\param_comp\candidate\candidate_top_k_12__problem_milp_2.json,feasible,20084.103448,20084.103448,0.2599802017211914,0.2599802017211914,1,iterative_config.candidate_config.top_k,top_k,8,12,D:\codes\Python\CIC\config\candidate\candidate_top_k_12.json
candidate,milp2,candidate_top_k_4,output\param_comp\candidate\candidate_top_k_4__problem_milp_2.json,feasible,19942.391304,19942.391304,0.2886836528778076,0.2886836528778076,1,iterative_config.candidate_config.top_k,top_k,8,4,D:\codes\Python\CIC\config\candidate\candidate_top_k_4.json
local,milp2,local_max_iter_20,output\param_comp\local\local_max_iter_20__problem_milp_2.json,feasible,19942.391304,19942.391304,0.24520277976989746,0.24520277976989746,0,,,,,D:\codes\Python\CIC\config\local\local_max_iter_20.json
local,milp2,local_max_start_points_3,output\param_comp\local\local_max_start_points_3__problem_milp_2.json,feasible,20084.103448,20084.103448,0.26309728622436523,0.26309728622436523,0,,,,,D:\codes\Python\CIC\config\local\local_max_start_points_3.json
local,milp2,local_max_iter_10,output\param_comp\local\local_max_iter_10__problem_milp_2.json,feasible,20084.103448,20084.103448,0.29922032356262207,0.29922032356262207,1,iterative_config.local_refine_config.max_iter,max_iter,20,10,D:\codes\Python\CIC\config\local\local_max_iter_10.json
local,milp2,local_max_iter_50,output\param_comp\local\local_max_iter_50__problem_milp_2.json,feasible,20084.103448,20084.103448,0.2429037094116211,0.2429037094116211,1,iterative_config.local_refine_config.max_iter,max_iter,20,50,D:\codes\Python\CIC\config\local\local_max_iter_50.json
local,milp2,local_max_start_points_1,output\param_comp\local\local_max_start_points_1__problem_milp_2.json,feasible,19942.391304,19942.391304,0.260329008102417,0.260329008102417,1,iterative_config.local_refine_config.max_start_points,max_start_points,3,1,D:\codes\Python\CIC\config\local\local_max_start_points_1.json
local,milp2,local_max_start_points_5,output\param_comp\local\local_max_start_points_5__problem_milp_2.json,feasible,19942.391304,19942.391304,0.2602365016937256,0.2602365016937256,1,iterative_config.local_refine_config.max_start_points,max_start_points,3,5,D:\codes\Python\CIC\config\local\local_max_start_points_5.json
qaoa,milp2,"qaoa_beta_values_[0.2,0.5]","output\param_comp\qaoa\qaoa_beta_values_[0.2,0.5]__problem_milp_2.json",feasible,19942.391304,19942.391304,0.25189852714538574,0.25189852714538574,0,,,,,"D:\codes\Python\CIC\config\qaoa\qaoa_beta_values_[0.2,0.5].json"
qaoa,milp2,"qaoa_gamma_values_[0.2,0.5]","output\param_comp\qaoa\qaoa_gamma_values_[0.2,0.5]__problem_milp_2.json",feasible,19942.391304,19942.391304,0.2370913028717041,0.2370913028717041,0,,,,,"D:\codes\Python\CIC\config\qaoa\qaoa_gamma_values_[0.2,0.5].json"
qaoa,milp2,qaoa_p_1,output\param_comp\qaoa\qaoa_p_1__problem_milp_2.json,feasible,19942.391304,19942.391304,0.2722611427307129,0.2722611427307129,0,,,,,D:\codes\Python\CIC\config\qaoa\qaoa_p_1.json
qaoa,milp2,qaoa_shots_128,output\param_comp\qaoa\qaoa_shots_128__problem_milp_2.json,feasible,19942.391304,19942.391304,0.2869234085083008,0.2869234085083008,0,,,,,D:\codes\Python\CIC\config\qaoa\qaoa_shots_128.json
qaoa,milp2,"qaoa_beta_values_[0.1,0.3]","output\param_comp\qaoa\qaoa_beta_values_[0.1,0.3]__problem_milp_2.json",feasible,19942.391304,19942.391304,0.23593711853027344,0.23593711853027344,1,quantum_config.qaoa_config.beta_values,beta_values,"[0.2, 0.5]","[0.1, 0.3]","D:\codes\Python\CIC\config\qaoa\qaoa_beta_values_[0.1,0.3].json"
qaoa,milp2,"qaoa_beta_values_[0.5,1.0]","output\param_comp\qaoa\qaoa_beta_values_[0.5,1.0]__problem_milp_2.json",feasible,19942.391304,19942.391304,0.2807798385620117,0.2807798385620117,1,quantum_config.qaoa_config.beta_values,beta_values,"[0.2, 0.5]","[0.5, 1.0]","D:\codes\Python\CIC\config\qaoa\qaoa_beta_values_[0.5,1.0].json"
qaoa,milp2,"qaoa_gamma_values_[0.1,0.3]","output\param_comp\qaoa\qaoa_gamma_values_[0.1,0.3]__problem_milp_2.json",feasible,19942.391304,19942.391304,0.3622245788574219,0.3622245788574219,1,quantum_config.qaoa_config.gamma_values,gamma_values,"[0.2, 0.5]","[0.1, 0.3]","D:\codes\Python\CIC\config\qaoa\qaoa_gamma_values_[0.1,0.3].json"
qaoa,milp2,"qaoa_gamma_values_[0.5,1.0]","output\param_comp\qaoa\qaoa_gamma_values_[0.5,1.0]__problem_milp_2.json",feasible,19942.391304,19942.391304,0.2764902114868164,0.2764902114868164,1,quantum_config.qaoa_config.gamma_values,gamma_values,"[0.2, 0.5]","[0.5, 1.0]","D:\codes\Python\CIC\config\qaoa\qaoa_gamma_values_[0.5,1.0].json"
qaoa,milp2,qaoa_p_2,output\param_comp\qaoa\qaoa_p_2__problem_milp_2.json,feasible,19942.391304,19942.391304,0.34627795219421387,0.34627795219421387,1,quantum_config.qaoa_config.p,p,1,2,D:\codes\Python\CIC\config\qaoa\qaoa_p_2.json
qaoa,milp2,qaoa_shots_256,output\param_comp\qaoa\qaoa_shots_256__problem_milp_2.json,feasible,20084.103448,20084.103448,0.2948923110961914,0.2948923110961914,1,quantum_config.qaoa_config.shots,shots,128,256,D:\codes\Python\CIC\config\qaoa\qaoa_shots_256.json
qaoa,milp2,qaoa_shots_64,output\param_comp\qaoa\qaoa_shots_64__problem_milp_2.json,feasible,19942.391304,19942.391304,0.2439711093902588,0.2439711093902588,1,quantum_config.qaoa_config.shots,shots,128,64,D:\codes\Python\CIC\config\qaoa\qaoa_shots_64.json
qubo,milp2,qubo_elite_weight_0.5,output\param_comp\qubo\qubo_elite_weight_0.5__problem_milp_2.json,feasible,19942.391304,19942.391304,0.24805426597595215,0.24805426597595215,0,,,,,D:\codes\Python\CIC\config\qubo\qubo_elite_weight_0.5.json
qubo,milp2,qubo_exploration_boost_0.5,output\param_comp\qubo\qubo_exploration_boost_0.5__problem_milp_2.json,feasible,19942.391304,19942.391304,0.23847699165344238,0.23847699165344238,0,,,,,D:\codes\Python\CIC\config\qubo\qubo_exploration_boost_0.5.json
qubo,milp2,qubo_hamming_penalty_1.5,output\param_comp\qubo\qubo_hamming_penalty_1.5__problem_milp_2.json,feasible,20084.103448,20084.103448,0.2848691940307617,0.2848691940307617,0,,,,,D:\codes\Python\CIC\config\qubo\qubo_hamming_penalty_1.5.json
qubo,milp2,qubo_resource_penalty_10.0,output\param_comp\qubo\qubo_resource_penalty_10.0__problem_milp_2.json,feasible,19942.391304,19942.391304,0.2747032642364502,0.2747032642364502,0,,,,,D:\codes\Python\CIC\config\qubo\qubo_resource_penalty_10.0.json
qubo,milp2,qubo_tabu_penalty_5.0,output\param_comp\qubo\qubo_tabu_penalty_5.0__problem_milp_2.json,feasible,19942.391304,19942.391304,0.29419922828674316,0.29419922828674316,0,,,,,D:\codes\Python\CIC\config\qubo\qubo_tabu_penalty_5.0.json
qubo,milp2,qubo_elite_weight_0.2,output\param_comp\qubo\qubo_elite_weight_0.2__problem_milp_2.json,feasible,20084.103448,20084.103448,0.2522318363189697,0.2522318363189697,1,quantum_config.qubo_config.elite_weight,elite_weight,0.5,0.2,D:\codes\Python\CIC\config\qubo\qubo_elite_weight_0.2.json
qubo,milp2,qubo_elite_weight_1.0,output\param_comp\qubo\qubo_elite_weight_1.0__problem_milp_2.json,feasible,19942.391304,19942.391304,0.25106143951416016,0.25106143951416016,1,quantum_config.qubo_config.elite_weight,elite_weight,0.5,1,D:\codes\Python\CIC\config\qubo\qubo_elite_weight_1.0.json
qubo,milp2,qubo_exploration_boost_0.2,output\param_comp\qubo\qubo_exploration_boost_0.2__problem_milp_2.json,feasible,19942.391304,19942.391304,0.29731321334838867,0.29731321334838867,1,quantum_config.qubo_config.exploration_boost,exploration_boost,0.5,0.2,D:\codes\Python\CIC\config\qubo\qubo_exploration_boost_0.2.json
qubo,milp2,qubo_exploration_boost_1.0,output\param_comp\qubo\qubo_exploration_boost_1.0__problem_milp_2.json,feasible,19942.391304,19942.391304,0.26769304275512695,0.26769304275512695,1,quantum_config.qubo_config.exploration_boost,exploration_boost,0.5,1,D:\codes\Python\CIC\config\qubo\qubo_exploration_boost_1.0.json
qubo,milp2,qubo_hamming_penalty_0.5,output\param_comp\qubo\qubo_hamming_penalty_0.5__problem_milp_2.json,feasible,19942.391304,19942.391304,0.2940492630004883,0.2940492630004883,1,quantum_config.qubo_config.hamming_penalty,hamming_penalty,1.5,0.5,D:\codes\Python\CIC\config\qubo\qubo_hamming_penalty_0.5.json
qubo,milp2,qubo_hamming_penalty_3.0,output\param_comp\qubo\qubo_hamming_penalty_3.0__problem_milp_2.json,feasible,19942.391304,19942.391304,0.30117106437683105,0.30117106437683105,1,quantum_config.qubo_config.hamming_penalty,hamming_penalty,1.5,3,D:\codes\Python\CIC\config\qubo\qubo_hamming_penalty_3.0.json
qubo,milp2,qubo_resource_penalty_20.0,output\param_comp\qubo\qubo_resource_penalty_20.0__problem_milp_2.json,feasible,19942.391304,19942.391304,0.28000879287719727,0.28000879287719727,1,quantum_config.qubo_config.resource_penalty,resource_penalty,10,20,D:\codes\Python\CIC\config\qubo\qubo_resource_penalty_20.0.json
qubo,milp2,qubo_resource_penalty_5.0,output\param_comp\qubo\qubo_resource_penalty_5.0__problem_milp_2.json,feasible,19942.391304,19942.391304,0.2819943428039551,0.2819943428039551,1,quantum_config.qubo_config.resource_penalty,resource_penalty,10,5,D:\codes\Python\CIC\config\qubo\qubo_resource_penalty_5.0.json
qubo,milp2,qubo_tabu_penalty_10.0,output\param_comp\qubo\qubo_tabu_penalty_10.0__problem_milp_2.json,feasible,20084.103448,20084.103448,0.2880265712738037,0.2880265712738037,1,quantum_config.qubo_config.tabu_penalty,tabu_penalty,5,10,D:\codes\Python\CIC\config\qubo\qubo_tabu_penalty_10.0.json
qubo,milp2,qubo_tabu_penalty_2.0,output\param_comp\qubo\qubo_tabu_penalty_2.0__problem_milp_2.json,feasible,19942.391304,19942.391304,0.29051947593688965,0.29051947593688965,1,quantum_config.qubo_config.tabu_penalty,tabu_penalty,5,2,D:\codes\Python\CIC\config\qubo\qubo_tabu_penalty_2.0.json
